-- phpMyAdmin SQL Dump
-- version 5.0.4
-- https://www.phpmyadmin.net/
--
-- 主機： localhost
-- 產生時間： 2021 年 06 月 29 日 16:51
-- 伺服器版本： 10.4.17-MariaDB
-- PHP 版本： 8.0.2

SET SQL_MODE = "NO_AUTO_VALUE_ON_ZERO";
START TRANSACTION;
SET time_zone = "+00:00";


/*!40101 SET @OLD_CHARACTER_SET_CLIENT=@@CHARACTER_SET_CLIENT */;
/*!40101 SET @OLD_CHARACTER_SET_RESULTS=@@CHARACTER_SET_RESULTS */;
/*!40101 SET @OLD_COLLATION_CONNECTION=@@COLLATION_CONNECTION */;
/*!40101 SET NAMES utf8mb4 */;

--
-- 資料庫： `Happy_Ding`
--

-- --------------------------------------------------------

--
-- 資料表結構 `contact_us`
--

CREATE TABLE `contact_us` (
  `name` varchar(5) NOT NULL,
  `email` varchar(65) NOT NULL,
  `title` varchar(100) NOT NULL,
  `content` varchar(300) NOT NULL
) ENGINE=InnoDB DEFAULT CHARSET=utf8;

-- --------------------------------------------------------

--
-- 資料表結構 `member_list`
--

CREATE TABLE `member_list` (
  `login_name` char(8) NOT NULL,
  `realname` char(5) NOT NULL,
  `class` char(6) NOT NULL,
  `u_phone` char(10) NOT NULL,
  `u_email` varchar(45) NOT NULL,
  `u_bday` date NOT NULL,
  `u_sex` enum('0','1') NOT NULL COMMENT '0=女,1=男',
  `login_pass1` char(20) NOT NULL,
  `login_pass2` char(20) NOT NULL
) ENGINE=InnoDB DEFAULT CHARSET=utf8;

--
-- 傾印資料表的資料 `member_list`
--

INSERT INTO `member_list` (`login_name`, `realname`, `class`, `u_phone`, `u_email`, `u_bday`, `u_sex`, `login_pass1`, `login_pass2`) VALUES
('09170219', '張芷晴', '巨資一Ｂ', '0912345678', 'scu@gmail.com', '2021-06-29', '0', '123', '123'),
('09170299', '蘇明祥', '巨資一Ｂ', '0912345678', 'minghsiangsu@scu.edu.tw', '2021-06-08', '1', '11', '11');

-- --------------------------------------------------------

--
-- 資料表結構 `order_items`
--

CREATE TABLE `order_items` (
  `order_id` varchar(10) NOT NULL,
  `product_id` varchar(10) NOT NULL,
  `meal` varchar(20) NOT NULL,
  `quantity` varchar(11) NOT NULL,
  `price` int(4) NOT NULL,
  `subtotal` varchar(5) NOT NULL,
  `place` varchar(4) DEFAULT NULL,
  `created` datetime NOT NULL,
  `remark` varchar(100) NOT NULL
) ENGINE=InnoDB DEFAULT CHARSET=utf8;

--
-- 傾印資料表的資料 `order_items`
--

INSERT INTO `order_items` (`order_id`, `product_id`, `meal`, `quantity`, `price`, `subtotal`, `place`, `created`, `remark`) VALUES
('09170299', '101', '招牌鍋貼套餐(10個)+豆漿', '1', 60, '170', '望星廣場', '2021-06-29 22:31:44', ''),
('09170299', '141', '招牌鍋貼', '20', 6, '170', '望星廣場', '2021-06-29 22:31:44', ''),
('09170299', '333', '肉鬆吐司', '1', 20, '20', '望星廣場', '2021-06-29 22:33:04', '');

-- --------------------------------------------------------

--
-- 資料表結構 `order_items2`
--

CREATE TABLE `order_items2` (
  `order_id` varchar(10) NOT NULL,
  `product_id` varchar(10) NOT NULL,
  `meal` varchar(50) NOT NULL,
  `quantity` varchar(11) NOT NULL,
  `price` int(4) NOT NULL,
  `subtotal` varchar(5) NOT NULL,
  `place` varchar(4) DEFAULT NULL,
  `created` datetime NOT NULL,
  `remark` varchar(100) NOT NULL
) ENGINE=InnoDB DEFAULT CHARSET=utf8;

--
-- 傾印資料表的資料 `order_items2`
--

INSERT INTO `order_items2` (`order_id`, `product_id`, `meal`, `quantity`, `price`, `subtotal`, `place`, `created`, `remark`) VALUES
('09170299', '1104', '花生吐司+飲料', '1', 39, '79', '711前', '2021-06-29 22:34:27', ''),
('09170299', '1001', '乾拌麵', '1', 40, '79', '711前', '2021-06-29 22:34:27', '');

-- --------------------------------------------------------

--
-- 資料表結構 `P`
--

CREATE TABLE `P` (
  `meal` varchar(50) DEFAULT NULL,
  `store` varchar(5) DEFAULT NULL
) ENGINE=InnoDB DEFAULT CHARSET=utf8;

--
-- 傾印資料表的資料 `P`
--

INSERT INTO `P` (`meal`, `store`) VALUES
('招牌鍋貼套餐(10個)+豆漿', '四海遊龍'),
('招牌鍋貼套餐(10個)+酸辣湯', '四海遊龍'),
('招牌鍋貼套餐(10個+紅茶', '四海遊龍'),
('招牌鍋貼套餐(10個)+貢丸湯', '四海遊龍'),
('招牌鍋貼套餐(10個)+魚丸', '四海遊龍'),
('招牌鍋貼套餐(10個)+玉米濃湯', '四海遊龍'),
('高麗菜水餃(10個)+豆漿', '四海遊龍'),
('高麗菜水餃(10個)+酸辣湯', '四海遊龍'),
('高麗菜水餃(10個)+紅茶', '四海遊龍'),
('高麗菜水餃(10個)+貢丸湯', '四海遊龍'),
('高麗菜水餃(10個)+魚丸', '四海遊龍'),
('高麗菜水餃(10個)+玉米濃湯', '四海遊龍'),
('韓式辣味鍋貼(10個)+豆漿', '四海遊龍'),
('韓式辣味鍋貼(10個)+酸辣湯', '四海遊龍'),
('韓式辣味鍋貼(10個)+紅茶', '四海遊龍'),
('韓式辣味鍋貼(10個)+貢丸湯', '四海遊龍'),
('韓式辣味鍋貼(10個)+魚丸', '四海遊龍'),
('韓式辣味鍋貼(10個)+玉米濃湯', '四海遊龍'),
('牛肉乾拌麵 +豆漿', '四海遊龍'),
('牛肉乾拌麵 +紅茶', '四海遊龍'),
('牛肉醬拌麵 +豆漿', '四海遊龍'),
('牛肉醬拌麵 +紅茶', '四海遊龍'),
('酸辣麵+豆漿', '四海遊龍'),
('酸辣麵+紅茶', '四海遊龍'),
('牛肉麵+豆漿', '四海遊龍'),
('牛肉麵+紅茶', '四海遊龍'),
('牛肉麵', '四海遊龍'),
('牛肉乾拌麵', '四海遊龍'),
('牛肉湯麵', '四海遊龍'),
('牛肉醬拌麵', '四海遊龍'),
('牛汁乾麵', '四海遊龍'),
('肉燥拌麵', '四海遊龍'),
('貢丸麵', '四海遊龍'),
('魚丸麵', '四海遊龍'),
('酸辣麵', '四海遊龍'),
('餛飩麵', '四海遊龍'),
('玉米湯麵', '四海遊龍'),
('川味擔擔麵', '四海遊龍'),
('塔香辣肉燥乾麵', '四海遊龍'),
('塔香辣肉燥湯麵', '四海遊龍'),
('招牌鍋貼', '四海遊龍'),
('韓式辣味鍋貼', '四海遊龍'),
('高麗菜水餃', '四海遊龍'),
('韭菜水餃', '四海遊龍'),
('韓式辣味水餃', '四海遊龍'),
('玉米水餃', '四海遊龍'),
('咖喱雞水餃', '四海遊龍'),
('酸辣湯', '四海遊龍'),
('貢丸湯	', '四海遊龍'),
('魚丸湯', '四海遊龍'),
('玉米濃湯', '四海遊龍'),
('餛飩湯', '四海遊龍'),
('牛肉湯', '四海遊龍'),
('酸辣湯餃', '四海遊龍'),
('玉米湯餃', '四海遊龍'),
('牛肉湯餃', '四海遊龍'),
('豆漿', '四海遊龍'),
('杏仁豆漿', '四海遊龍'),
('紅茶', '四海遊龍'),
('紅茶豆漿', '四海遊龍'),
('仙草茶', '四海遊龍'),
('豬肉炒泡麵+貢丸湯', ' 蒲家廚房'),
('花雕雞腿飯+貢丸湯', ' 蒲家廚房'),
('雞排滷肉飯+貢丸湯', ' 蒲家廚房'),
('鮮菇雞排飯+貢丸湯', ' 蒲家廚房'),
('嫩蛋燒肉飯+貢丸湯', ' 蒲家廚房'),
('培根牛炒泡麵+貢丸湯', ' 蒲家廚房'),
('豬肉炒泡麵', ' 蒲家廚房'),
('雞排炒泡麵', ' 蒲家廚房'),
('照燒雞腿炒泡麵', ' 蒲家廚房'),
('花雕雞炒泡麵', ' 蒲家廚房'),
('卡拉雞炒泡麵', ' 蒲家廚房'),
('雞米花炒泡麵', ' 蒲家廚房'),
('培根牛炒泡麵', ' 蒲家廚房'),
('花雕雞飯', ' 蒲家廚房'),
('照燒雞飯', ' 蒲家廚房'),
('豬排滷肉飯', ' 蒲家廚房'),
('茄汁雞丁飯', ' 蒲家廚房'),
('嫩蛋豬肉飯', ' 蒲家廚房'),
('招牌炸雞飯', ' 蒲家廚房'),
('卡拉雞滷肉飯', ' 蒲家廚房'),
('椒麻雞腿飯', ' 蒲家廚房'),
('黃金燒肉飯', ' 蒲家廚房'),
('熔岩燒豚飯', ' 蒲家廚房'),
('貢丸湯', ' 蒲家廚房'),
('鮮菇豆腐飯', ' 蒲家廚房'),
('鮮菇豆腐飯+雞排', ' 蒲家廚房'),
('鮮菇豆腐飯+豬排', ' 蒲家廚房'),
('鮮菇豆腐飯+雞柳', ' 蒲家廚房'),
('鮮菇豆腐飯+雞米花', ' 蒲家廚房'),
('酸白菜肉片泡飯', ' 蒲家廚房'),
('卡拉雞腿堡蛋薯餅+奶茶', '金盃'),
('里肌豬排蛋薯餅+奶茶', '金盃'),
('豬肉堡蛋薯餅+奶茶', '金盃'),
('香雞排堡蛋薯餅+奶茶', '金盃'),
('鮪魚起司蛋＋奶茶', '金盃'),
('火腿起司蛋＋奶茶', '金盃'),
('總匯三明治＋奶茶', '金盃'),
('水果蔬菜總會三明治＋奶茶', '金盃'),
('玉米蛋餅雞塊＋奶茶', '金盃'),
('蘿蔔糕蛋＋奶茶', '金盃'),
('鐵板麵蛋＋奶茶', '金盃'),
('里肌豬排鐵板麵蛋＋奶茶', '金盃'),
('德式香腸潛艇堡＋奶茶', '金盃'),
('鮪魚起司潛艇堡＋奶茶', '金盃'),
('培根火腿起司潛艇堡＋奶茶', '金盃'),
('檸檬雞潛庭堡＋奶茶', '金盃'),
('檸檬雞生菜捲＋奶茶', '金盃'),
('德式香腸生菜捲＋奶茶', '金盃'),
('培根火腿起司生菜捲＋奶茶', '金盃'),
('培根漢堡', '金盃'),
('鮪魚漢堡', '金盃'),
('豬肉漢堡', '金盃'),
('香雞排漢堡', '金盃'),
('里肌豬排漢堡', '金盃'),
('檸檬雞漢堡', '金盃'),
('厚切辣味雞腿排漢堡', '金盃'),
('卡拉雞腿漢堡', '金盃'),
('德式香腸潛艇堡', '金盃'),
('鮪魚起司潛艇堡', '金盃'),
('培根火腿起司潛艇堡', '金盃'),
('檸檬雞潛艇堡', '金盃'),
('火腿吐司', '金盃'),
('肉鬆吐司', '金盃'),
('鮪魚吐司', '金盃'),
('培根吐司', '金盃'),
('香雞排吐司', '金盃'),
('里肌豬排吐司', '金盃'),
('檸檬雞吐司', '金盃'),
('厚切臘味雞腿排吐司', '金盃'),
('卡拉雞腿吐司', '金盃'),
('總匯三明治', '金盃'),
('水果蔬菜總匯三明治', '金盃'),
('薄片吐司', '金盃'),
('巧克力厚片吐司', '金盃'),
('花生厚片吐司', '金盃'),
('椰香厚片吐司', '金盃'),
('香蒜厚片吐司', '金盃'),
('蛋餅', '金盃'),
('火腿蛋餅', '金盃'),
('肉鬆蛋餅', '金盃'),
('玉米蛋餅', '金盃'),
('培根蛋餅', '金盃'),
('起司蛋餅', '金盃'),
('熱狗蛋餅', '金盃'),
('鮪魚蛋餅', '金盃'),
('薯餅蛋餅', '金盃'),
('里肌豬排蛋餅', '金盃'),
('蘿蔔糕', '金盃'),
('雞塊（6個）', '金盃'),
('薯餅', '金盃'),
('熱狗(3支)', '金盃'),
('荷包蛋', '金盃'),
('德式香腸', '金盃'),
('檸檬雞柳（4個)', '金盃'),
('鐵板麵', '金盃'),
('玉米濃湯', '金盃'),
('檸檬雞生菜捲', '金盃'),
('德式香腸生菜捲', '金盃'),
('培根火腿起司生菜捲', '金盃'),
('紅茶', '金盃'),
('綠茶', '金盃'),
('奶茶', '金盃'),
('奶綠茶', '金盃'),
('柳橙風味飲品', '金盃'),
('燒肉丼（有菜）', '丼步喱'),
('燒肉丼（無菜）', '丼步喱'),
('親子丼（有菜）', '丼步喱'),
('親子丼（無菜）', '丼步喱'),
('蒲燒鯛魚丼（有菜）', '丼步喱'),
('蒲燒鯛魚丼（無菜）', '丼步喱'),
('豬排丼（有菜）', '丼步喱'),
('豬排丼（無菜）', '丼步喱'),
('唐揚雞丼（有菜）', '丼步喱'),
('唐揚雞丼（無菜）', '丼步喱'),
('脆雞丼（有菜）', '丼步喱'),
('脆雞丼（無菜）', '丼步喱'),
('柳葉魚丼（有菜）', '丼步喱'),
('柳葉魚丼（無菜）', '丼步喱'),
('梅花肉片咖哩飯', '丼步喱'),
('咖喱雞腿飯', '丼步喱'),
('豬排咖哩飯', '丼步喱'),
('脆雞咖哩飯', '丼步喱'),
('唐揚雞咖哩飯', '丼步喱'),
('原味咖哩飯（三樣菜）', '丼步喱'),
('嫩雞柳定食', '丼步喱'),
('蒲燒鯛魚定食', '丼步喱'),
('梅花肉片定食', '丼步喱'),
('紐奧良烤腿定食', '丼步喱'),
('日式炸豬排定食', '丼步喱'),
('脆雞定食', '丼步喱'),
('唐揚雞定食', '丼步喱'),
('魚排定食', '丼步喱'),
('柳葉魚定食', '丼步喱'),
('菜飯', '丼步喱'),
('蒸蛋', '丼步喱'),
('滑蛋', '丼步喱'),
('蒲燒鯛魚（1片）', '丼步喱'),
('柳葉魚', '丼步喱'),
('紐奧良腿排', '丼步喱'),
('魚排', '丼步喱'),
('雞柳', '丼步喱'),
('豬肉片', '丼步喱'),
('豬排', '丼步喱'),
('脆雞', '丼步喱'),
('唐揚雞（一份6塊)', '丼步喱'),
('白飯', '丼步喱'),
('糙米飯', '丼步喱'),
('韭黃蝦仁水餃（10顆）', '金鶴餃舍'),
('清湯餃（10顆）', '金鶴餃舍'),
('酸辣湯餃(10顆)', '金鶴餃舍'),
('滷肉飯 ', '金鶴餃舍'),
('滷蛋 ', '金鶴餃舍'),
('燙青菜', '金鶴餃舍'),
('豬耳朵', '金鶴餃舍'),
('脆皮炸豆腐', '金鶴餃舍'),
('皮蛋豆腐', '金鶴餃舍'),
('炸蝦捲', '金鶴餃舍'),
('蒜泥白肉', '金鶴餃舍'),
('滷筍絲', '金鶴餃舍'),
('炸豬肝', '金鶴餃舍'),
('炸皮蛋', '金鶴餃舍'),
('紅油炒手(8顆)', '金鶴餃舍'),
('泰式雞肉', '金鶴餃舍'),
('椒麻雞肉', '金鶴餃舍'),
('水煮雞肉', '金鶴餃舍'),
('油蔥乾拌麵', '金鶴餃舍'),
('沙茶乾拌麵', '金鶴餃舍'),
('陽春麵', '金鶴餃舍'),
('青菜蛋花湯麵', '金鶴餃舍'),
('肉燥乾拌麵', '金鶴餃舍'),
('酸辣麵', '金鶴餃舍'),
('酸菜乾麵', '金鶴餃舍'),
('酸菜湯麵', '金鶴餃舍'),
('榨菜肉絲麵', '金鶴餃舍'),
('XO醬乾拌麵', '金鶴餃舍'),
('餛飩乾/湯麵', '金鶴餃舍'),
('紅油炒手麵', '金鶴餃舍'),
('麻辣鴨血麵', '金鶴餃舍'),
('炸雞湯麵', '金鶴餃舍'),
('椒麻雞肉乾拌麵', '金鶴餃舍'),
('蛋花雞肉麵', '金鶴餃舍'),
('海鮮麵', '金鶴餃舍'),
('海帶芽湯', '金鶴餃舍'),
('青菜蛋花湯', '金鶴餃舍'),
('酸辣湯', '金鶴餃舍'),
('虱目魚丸湯', '金鶴餃舍'),
('豬肝湯', '金鶴餃舍'),
('餛飩湯', '金鶴餃舍'),
('鮮蝦餛飩湯', '金鶴餃舍'),
('刨冰1號', '吳家豆花'),
('刨冰2號', '吳家豆花'),
('刨冰3號', '吳家豆花'),
('仙草奶凍1號', '吳家豆花'),
('仙草奶凍2號', '吳家豆花'),
('仙草奶凍3號', '吳家豆花'),
('豆漿1號', '吳家豆花'),
('豆漿2號', '吳家豆花'),
('豆漿3號', '吳家豆花'),
('抹1號', '吳家豆花'),
('抹2號', '吳家豆花'),
('抹3號', '吳家豆花'),
('傳統1號', '吳家豆花'),
('傳統2號', '吳家豆花'),
('傳統3號', '吳家豆花'),
('黑白1號', '吳家豆花'),
('黑白2號', '吳家豆花'),
('黑白3號', '吳家豆花'),
('齊娜可1號', '吳家豆花'),
('齊娜可2號', '吳家豆花'),
('齊娜可3號', '吳家豆花'),
('檸檬豆花', '吳家豆花'),
('黑糖珍珠檸檬豆花', '吳家豆花'),
('純豆乳', '吳家豆花'),
('綠豆豆乳', '吳家豆花'),
('黑糖珍珠豆乳', '吳家豆花'),
('紅豆豆乳', '吳家豆花'),
('薏仁豆乳', '吳家豆花'),
('豆乳雙重奏（黑糖珍珠）', '吳家豆花'),
('豆乳雙重奏（紅豆）', '吳家豆花'),
('豆乳雙重奏（綠豆）', '吳家豆花'),
('豆乳雙重奏（薏仁）', '吳家豆花'),
('原味菠蘿包', '吳家豆花'),
('OREO菠蘿油', '吳家豆花'),
('紅豆菠蘿油', '吳家豆花'),
('黑糖珍珠菠蘿油', '吳家豆花'),
('火腿菠蘿油', '吳家豆花'),
('起司菠蘿油', '吳家豆花'),
('芋頭菠蘿油', '吳家豆花'),
('紅龍果麵', '涼麵菜單'),
('藜麥麵', '涼麵菜單'),
('綠藻麵', '涼麵菜單'),
('蕎麥麵', '涼麵菜單'),
('竹炭麵', '涼麵菜單'),
('仙草麵', '涼麵菜單'),
('黃涼麵', '涼麵菜單'),
('泰式酸辣醬汁', '涼麵菜單'),
('四川麻辣醬汁', '涼麵菜單'),
('芝麻醬汁', '涼麵菜單'),
('日式和風醬汁', '涼麵菜單'),
('檸檬醋汁', '涼麵菜單'),
('柴魚醬汁', '涼麵菜單'),
('套餐', '四海遊龍'),
('麵類', '四海遊龍'),
('水餃鍋貼', '四海遊龍'),
('湯類', '四海遊龍'),
('飲料', '四海遊龍'),
('套餐', '蒲家廚房'),
('快餐', '蒲家廚房'),
('超值套餐', '金盃'),
('點心', '金盃'),
('飲料', '金盃'),
('丼飯', '丼步喱'),
('咖哩飯', '丼步喱'),
('定食', '丼步喱'),
('小菜', '金鶴餃舍'),
('小菜', '金鶴餃舍'),
('麵類', '金鶴餃舍'),
('湯類', '金鶴餃舍');

-- --------------------------------------------------------

--
-- 資料表結構 `P2`
--

CREATE TABLE `P2` (
  `meal` varchar(40) NOT NULL,
  `store` varchar(5) NOT NULL
) ENGINE=InnoDB DEFAULT CHARSET=utf8;

--
-- 傾印資料表的資料 `P2`
--

INSERT INTO `P2` (`meal`, `store`) VALUES
('1號餐(豬肉漢堡＋起司＋薯餅＋奶茶)', '沐達早餐'),
('2號餐(烤鮪魚蛋土司＋起司＋奶茶)', '沐達早餐'),
('3號餐(烤火腿蛋土司＋起司＋奶茶)', '沐達早餐'),
('4號餐(原味蛋餅＋雞塊＋奶茶)', '沐達早餐'),
('5號餐(玉米蛋餅＋雞塊＋奶茶)', '沐達早餐'),
('6號餐(蘿蔔糕＋蛋＋奶茶)', '沐達早餐'),
('7號餐鐵板麵（義式鐵板麵＋蛋＋奶茶)', '沐達早餐'),
('7號餐鐵板麵（蘑菇鐵板麵＋蛋＋奶茶)', '沐達早餐'),
('7號餐鐵板麵（黑胡椒鐵板麵＋蛋＋奶茶)', '沐達早餐'),
('火腿起司蛋滿福堡', '海因咖啡'),
('豬排起司蛋滿福堡', '海因咖啡'),
('牛肉起司蛋滿福堡', '海因咖啡'),
('火腿起司帕尼尼', '海因咖啡'),
('火腿起司帕尼尼', '海因咖啡'),
('照燒燻雞帕尼尼', '海因咖啡'),
('豬排起司帕尼尼', '海因咖啡'),
('煙燻牛肉帕尼尼', '海因咖啡'),
('火腿起司丹麥吐司', '海因咖啡'),
('鮮蔬起司丹麥吐司', '海因咖啡'),
('照燒燻雞丹麥吐司', '海因咖啡'),
('豬排起司丹麥吐司', '海因咖啡'),
('燻雞牛肉丹麥吐司', '海因咖啡'),
('卡滋雞腿排握飯丸', '海因咖啡'),
('日式燒肉握飯丸', '海因咖啡'),
('可樂餅握飯丸', '海因咖啡'),
('火腿起司佛卡夏', '海因咖啡'),
('鮮蔬起司佛卡夏', '海因咖啡'),
('照燒燻雞佛卡夏', '海因咖啡'),
('豬排起司佛卡夏', '海因咖啡'),
('燻雞牛肉佛卡夏', '海因咖啡'),
('火腿起司恰巴達', '海因咖啡'),
('鮮蔬起司恰巴達', '海因咖啡'),
('照燒燻雞恰巴達', '海因咖啡'),
('豬排起司恰巴達', '海因咖啡'),
('燻雞牛肉恰巴達', '海因咖啡'),
('蕃茄燻雞義大利麵', '海因咖啡'),
('蕃茄鮮蔬義大利麵', '海因咖啡'),
('辣味培根茄汁麵', '海因咖啡'),
('奶油燻雞義大利麵', '海因咖啡'),
('奶油培根義大利麵', '海因咖啡'),
('青醬蘑菇培根義大利麵', '海因咖啡'),
('青醬培根義大利麵', '海因咖啡'),
('青醬燻雞義大利麵', '海因咖啡'),
('蒜味辣椒義大利麵', '海因咖啡'),
('鮮蔬野菇義大利麵', '海因咖啡'),
('白酒燻雞義大利麵', '海因咖啡'),
('印度咖哩雞肉義大利麵', '海因咖啡'),
('乾拌麵', 'QQ麵'),
('蔥油拌麵', 'QQ麵'),
('麻醬麵', 'QQ麵'),
('炸醬麵', 'QQ麵'),
('雙醬麵', 'QQ麵'),
('榨菜肉絲麵', 'QQ麵'),
('炒手乾拌麵', 'QQ麵'),
('蝦肉餛飩麵', 'QQ麵'),
('燒雞絲拌麵', 'QQ麵'),
('排骨麵', 'QQ麵'),
('海鮮湯麵', 'QQ麵'),
('炸雞腿麵', 'QQ麵'),
('紅燒牛肉麵', 'QQ麵'),
('牛肉乾拌麵', 'QQ麵'),
('番茄牛肉麵', 'QQ麵'),
('榨菜肉絲麵套餐 (附小菜)', 'QQ麵'),
('蝦肉餛飩麵套餐 (附小菜)', 'QQ麵'),
('打拋豬肉特餐 (蘿蔔湯/榨菜肉絲湯)', 'QQ麵'),
('排骨特餐 (附小菜)', 'QQ麵'),
('麻醬麵套餐附 (蘿蔔湯/小菜)', 'QQ麵'),
('水餃套餐 (10粒&附蘿蔔湯/小菜)', 'QQ麵'),
('榨醬麵套餐 (蘿蔔湯/小菜)', 'QQ麵'),
('雞腿特餐 (附小菜)', 'QQ麵'),
('雙醬麵套餐 (蘿蔔湯/小菜)', 'QQ麵'),
('炒手麵套餐 (蘿蔔湯/小菜)', 'QQ麵'),
('牛五花河粉(乾)', 'QQ麵'),
('牛五花河粉(湯)', 'QQ麵'),
('椒麻雞腿河粉（乾）', 'QQ麵'),
('椒麻雞腿河粉（湯）', 'QQ麵'),
('椒麻排骨河粉（乾）', 'QQ麵'),
('椒麻排骨河粉（湯）', 'QQ麵'),
('海鮮河粉(乾)', 'QQ麵'),
('海鮮河粉(湯)', 'QQ麵'),
('蝦餅河粉(乾)', 'QQ麵'),
('蝦餅河粉(湯)', 'QQ麵'),
('打拋豬肉河粉(乾拌)', 'QQ麵'),
('泰式木瓜河粉（湯）', 'QQ麵'),
('泰式木瓜河粉（湯）', 'QQ麵'),
('韭菜水餃(10顆)', 'QQ麵'),
('高麗菜水餃(10顆)', 'QQ麵'),
('牛湯餃（韭菜）', 'QQ麵'),
('牛湯餃（高麗菜）', 'QQ麵'),
('蕃茄牛湯餃(韭菜)', 'QQ麵'),
('蕃茄牛湯餃（高麗菜）', 'QQ麵'),
('豚骨湯餃(韭菜)', 'QQ麵'),
('豚骨湯餃（高麗菜）', 'QQ麵'),
('湯青菜', 'QQ麵'),
('紅油炒手', 'QQ麵'),
('炸排骨', 'QQ麵'),
('炸雞腿', 'QQ麵'),
('鍋燒意麵', 'QQ麵'),
('鍋燒雞絲麵', 'QQ麵'),
('鍋燒豬肉意麵', 'QQ麵'),
('鍋燒豬肉雞絲麵', 'QQ麵'),
('鍋燒牛肉意麵', 'QQ麵'),
('鍋燒牛肉雞絲麵', 'QQ麵'),
('鍋燒海鮮意麵', 'QQ麵'),
('鍋燒海鮮雞絲麵', 'QQ麵'),
('青菜蘿蔔湯', 'QQ麵'),
('貢丸湯', 'QQ麵'),
('牛肉餛飩湯', 'QQ麵'),
('牛肉湯', 'QQ麵'),
('蕃茄牛肉湯', 'QQ麵'),
('餛飩湯', 'QQ麵'),
('沙拉蛋貝果+飲料', '奕香咖啡'),
('\n燻雞軟法+飲料', '奕香咖啡'),
('佛卡夏+飲料', '奕香咖啡'),
('花生吐司+飲料', '奕香咖啡'),
('香酥雞排(附湯、水果)', '奕香咖啡'),
('酥炸排骨(附湯、水果)', '奕香咖啡'),
('輕食健康低卡餐 (水果、輕食小飯糰、燙青菜、水煮雞肉、附湯)\n', '奕香咖啡'),
('A套餐（王子麵+青菜+貢丸+火鍋料+小豆干）', '一品滷味'),
('Ｂ套餐（王子麵+青菜2樣+金針菇+四種火鍋料+百頁）', '一品滷味'),
('Ｃ套餐（王子麵+青菜2樣+金針菇+四種火鍋料+百頁＋豬肉片+花干）', '一品滷味'),
('套餐', '沐達早餐'),
('套餐', '奕香咖啡'),
('單點', 'QQ麵');

-- --------------------------------------------------------

--
-- 資料表結構 `products`
--

CREATE TABLE `products` (
  `id` varchar(6) NOT NULL,
  `meal` varchar(50) NOT NULL,
  `price` varchar(5) NOT NULL
) ENGINE=InnoDB DEFAULT CHARSET=utf8;

--
-- 傾印資料表的資料 `products`
--

INSERT INTO `products` (`id`, `meal`, `price`) VALUES
('101', '招牌鍋貼套餐(10個)+豆漿', '60'),
('102', '招牌鍋貼套餐(10個)+酸辣湯', '60'),
('103', '招牌鍋貼套餐(10個+紅茶', '60'),
('104', '招牌鍋貼套餐(10個)+貢丸湯', '75'),
('105', '招牌鍋貼套餐(10個)+魚丸', '75'),
('106', '招牌鍋貼套餐(10個)+玉米濃湯', '75'),
('107', '高麗菜水餃(10個)+豆漿', '65'),
('108', '高麗菜水餃(10個)+酸辣湯', '65'),
('109', '高麗菜水餃(10個)+紅茶', '65'),
('110', '高麗菜水餃(10個)+貢丸湯', '80'),
('111', '高麗菜水餃(10個)+魚丸', '80'),
('112', '高麗菜水餃(10個)+玉米濃湯', '80'),
('113', '韓式辣味鍋貼(10個)+豆漿', '65'),
('114', '韓式辣味鍋貼(10個)+酸辣湯', '65'),
('115', '韓式辣味鍋貼(10個)+紅茶', '65'),
('116', '韓式辣味鍋貼(10個)+貢丸湯', '80'),
('117', '韓式辣味鍋貼(10個)+魚丸', '80'),
('118', '韓式辣味鍋貼(10個)+玉米濃湯', '80'),
('119', '牛肉乾拌麵 +豆漿', '90'),
('120', '牛肉乾拌麵 +紅茶', '90'),
('121', '牛肉醬拌麵 +豆漿', '65'),
('122', '牛肉醬拌麵 +紅茶', '65'),
('123', '酸辣麵+豆漿', '70'),
('124', '酸辣麵+紅茶', '70'),
('125', '牛肉麵+豆漿', '135'),
('126', '牛肉麵+紅茶', '135'),
('127', '牛肉麵', '140'),
('128', '牛肉乾拌麵', '90'),
('129', '牛肉湯麵', '65'),
('130', '牛肉醬拌麵', '60'),
('131', '牛汁乾麵', '45'),
('132', '肉燥拌麵', '50'),
('133', '貢丸麵', '60'),
('134', '魚丸麵', '60'),
('135', '酸辣麵', '65'),
('136', '餛飩麵', '60'),
('137', '玉米湯麵', '70'),
('138', '川味擔擔麵', '60'),
('139', '塔香辣肉燥乾麵', '65'),
('140', '塔香辣肉燥湯麵', '70'),
('141', '招牌鍋貼', '5.5'),
('142', '韓式辣味鍋貼', '6'),
('143', '高麗菜水餃', '6'),
('144', '韭菜水餃', '6'),
('145', '韓式辣味水餃', '6'),
('146', '玉米水餃', '6'),
('147', '咖喱雞水餃', '7'),
('148', '酸辣湯', '30'),
('149', '貢丸湯	', '30'),
('150', '魚丸湯', '30'),
('151', '玉米濃湯', '30'),
('152', '餛飩湯', '40'),
('153', '牛肉湯', '70'),
('154', '酸辣湯餃', '75'),
('155', '玉米湯餃', '75'),
('156', '牛肉湯餃', '75'),
('157', '豆漿', '15'),
('158', '杏仁豆漿', '20'),
('159', '紅茶', '20'),
('160', '紅茶豆漿', '20'),
('161', '仙草茶', '20'),
('201', '豬肉炒泡麵+貢丸湯', '90'),
('202', '花雕雞腿飯+貢丸湯', '100'),
('203', '雞排滷肉飯+貢丸湯', '100'),
('204', '鮮菇雞排飯+貢丸湯', '100'),
('205', '嫩蛋燒肉飯+貢丸湯', '105'),
('206', '培根牛炒泡麵+貢丸湯', '110'),
('207', '豬肉炒泡麵', '65'),
('208', '雞排炒泡麵', '75'),
('209', '照燒雞腿炒泡麵', '75'),
('210', '花雕雞炒泡麵', '75'),
('211', '卡拉雞炒泡麵', '80'),
('212', '雞米花炒泡麵', '75'),
('213', '培根牛炒泡麵', '85'),
('214', '花雕雞飯', '75'),
('215', '照燒雞飯', '75'),
('216', '豬排滷肉飯', '80'),
('217', '茄汁雞丁飯', '75'),
('218', '嫩蛋豬肉飯', '80'),
('219', '招牌炸雞飯', '80'),
('220', '卡拉雞滷肉飯', '80'),
('221', '椒麻雞腿飯', '80'),
('222', '黃金燒肉飯', '80'),
('223', '熔岩燒豚飯', '85'),
('224', '貢丸湯', '30'),
('225', '鮮菇豆腐飯', '60'),
('226', '鮮菇豆腐飯+雞排', '75'),
('227', '鮮菇豆腐飯+豬排', '80'),
('228', '鮮菇豆腐飯+雞柳', '75'),
('229', '鮮菇豆腐飯+雞米花', '75'),
('230', '酸白菜肉片泡飯', '80'),
('301', '卡拉雞腿堡蛋薯餅+奶茶', '75'),
('302', '里肌豬排蛋薯餅+奶茶', '60'),
('303', '豬肉堡蛋薯餅+奶茶', '65'),
('304', '香雞排堡蛋薯餅+奶茶', '65'),
('305', '鮪魚起司蛋＋奶茶', '55'),
('306', '火腿起司蛋＋奶茶', '50'),
('307', '總匯三明治＋奶茶', '65'),
('308', '水果蔬菜總會三明治＋奶茶', '65'),
('309', '玉米蛋餅雞塊＋奶茶', '69'),
('310', '蘿蔔糕蛋＋奶茶', '55'),
('311', '鐵板麵蛋＋奶茶', '60'),
('312', '里肌豬排鐵板麵蛋＋奶茶', '70'),
('313', '德式香腸潛艇堡＋奶茶', '65'),
('314', '鮪魚起司潛艇堡＋奶茶', '65'),
('315', '培根火腿起司潛艇堡＋奶茶', '65'),
('316', '檸檬雞潛庭堡＋奶茶', '65'),
('317', '檸檬雞生菜捲＋奶茶', '65'),
('318', '德式香腸生菜捲＋奶茶', '65'),
('319', '培根火腿起司生菜捲＋奶茶', '65'),
('320', '培根漢堡', '30'),
('321', '鮪魚漢堡', '30'),
('322', '豬肉漢堡', '35'),
('323', '香雞排漢堡', '35'),
('324', '里肌豬排漢堡', '40'),
('325', '檸檬雞漢堡', '40'),
('326', '厚切辣味雞腿排漢堡', '40'),
('327', '卡拉雞腿漢堡', '45'),
('328', '德式香腸潛艇堡', '55'),
('329', '鮪魚起司潛艇堡', '55'),
('330', '培根火腿起司潛艇堡', '55'),
('331', '檸檬雞潛艇堡', '55'),
('332', '火腿吐司', '20'),
('333', '肉鬆吐司', '20'),
('334', '鮪魚吐司', '25'),
('335', '培根吐司', '30'),
('336', '香雞排吐司', '30'),
('337', '里肌豬排吐司', '40'),
('338', '檸檬雞吐司', '40'),
('339', '厚切臘味雞腿排吐司', '40'),
('340', '卡拉雞腿吐司', '45'),
('341', '總匯三明治', '55'),
('342', '水果蔬菜總匯三明治', '55'),
('343', '薄片吐司', '15'),
('344', '巧克力厚片吐司', '25'),
('345', '花生厚片吐司', '25'),
('346', '椰香厚片吐司', '25'),
('347', '香蒜厚片吐司', '25'),
('348', '蛋餅', '20'),
('349', '火腿蛋餅', '25'),
('350', '肉鬆蛋餅', '25'),
('351', '玉米蛋餅', '25'),
('352', '培根蛋餅', '30'),
('353', '起司蛋餅', '30'),
('354', '熱狗蛋餅', '30'),
('355', '鮪魚蛋餅', '35'),
('356', '薯餅蛋餅', '35'),
('357', '里肌豬排蛋餅', '40'),
('358', '蘿蔔糕', '30'),
('359', '雞塊（6個）', '30'),
('360', '薯餅', '15'),
('361', '熱狗(3支)', '15'),
('362', '荷包蛋', '10'),
('363', '德式香腸', '25'),
('364', '檸檬雞柳（4個)', '40'),
('365', '鐵板麵', '40'),
('366', '玉米濃湯', '25'),
('367', '檸檬雞生菜捲', '55'),
('368', '德式香腸生菜捲', '55'),
('369', '培根火腿起司生菜捲', '55'),
('370', '紅茶', '15'),
('371', '綠茶', '15'),
('372', '奶茶', '20'),
('373', '奶綠茶', '20'),
('374', '柳橙風味飲品', '25'),
('401', '燒肉丼（有菜）', '80'),
('402', '燒肉丼（無菜）', '65'),
('403', '親子丼（有菜）', '70'),
('404', '親子丼（無菜）', '60'),
('405', '蒲燒鯛魚丼（有菜）', '80'),
('406', '蒲燒鯛魚丼（無菜）', '65'),
('407', '豬排丼（有菜）', '75'),
('408', '豬排丼（無菜）', '65'),
('409', '唐揚雞丼（有菜）', '80'),
('410', '唐揚雞丼（無菜）', '65'),
('411', '脆雞丼（有菜）', '80'),
('412', '脆雞丼（無菜）', '65'),
('413', '柳葉魚丼（有菜）', '75'),
('414', '柳葉魚丼（無菜）', '65'),
('415', '梅花肉片咖哩飯', '80'),
('416', '咖喱雞腿飯', '80'),
('417', '豬排咖哩飯', '85'),
('418', '脆雞咖哩飯', '85'),
('419', '唐揚雞咖哩飯', '85'),
('420', '原味咖哩飯（三樣菜）', '55'),
('421', '嫩雞柳定食', '70'),
('422', '蒲燒鯛魚定食', '75'),
('423', '梅花肉片定食', '75'),
('424', '紐奧良烤腿定食', '70'),
('425', '日式炸豬排定食', '75'),
('426', '脆雞定食', '75'),
('427', '唐揚雞定食', '75'),
('428', '魚排定食', '70'),
('429', '柳葉魚定食', '75'),
('430', '菜飯', '45'),
('431', '茶碗蒸', '35'),
('432', '滑蛋', '10'),
('433', '蒲燒鯛魚（1片）', '40'),
('434', '柳葉魚', '40'),
('435', '紐奧良腿排', '35'),
('436', '魚排', '35'),
('437', '雞柳', '35'),
('438', '豬肉片', '35'),
('439', '豬排', '40'),
('440', '脆雞', '45'),
('441', '唐揚雞（一份6塊)', '45'),
('442', '白飯', '10'),
('443', '糙米飯', '15'),
('501', '韭黃蝦仁水餃 ', '75'),
('502', '清湯餃', '80'),
('503', '酸辣湯餃', '90'),
('504', '滷肉飯 ', '25'),
('505', '滷蛋 ', '10'),
('506', '燙青菜', '35'),
('507', '豬耳朵', '35'),
('508', '脆皮炸豆腐', '35'),
('509', '皮蛋豆腐', '35'),
('510', '炸蝦捲', '40'),
('511', '蒜泥白肉', '40'),
('512', '滷筍絲', '35'),
('513', '炸豬肝', '40'),
('514', '炸皮蛋', '40'),
('515', '紅油炒手(8顆)', '45'),
('516', '泰式雞肉', '50'),
('517', '椒麻雞肉', '50'),
('518', '水煮雞肉', '50'),
('519', '油蔥乾拌麵', '45'),
('520', '沙茶乾拌麵', '45'),
('521', '陽春麵', '45'),
('522', '青菜蛋花湯麵', '45'),
('523', '肉燥乾拌麵', '50'),
('524', '酸辣麵', '55'),
('525', '酸菜乾麵', '55'),
('526', '酸菜湯麵', '55'),
('527', '榨菜肉絲麵', '60'),
('528', 'XO醬乾拌麵', '65'),
('529', '餛飩乾/湯麵', '65'),
('530', '紅油炒手麵', '70'),
('531', '麻辣鴨血麵', '75'),
('532', '炸雞湯麵', '75'),
('533', '椒麻雞肉乾拌麵', '75'),
('534', '蛋花雞肉麵', '75'),
('535', '海鮮麵', '75'),
('536', '海帶芽湯', '20'),
('537', '青菜蛋花湯', '30'),
('538', '酸辣湯', '30'),
('539', '虱目魚丸湯', '35'),
('540', '豬肝湯', '35'),
('541', '餛飩湯', '35'),
('542', '鮮蝦餛飩湯', '50'),
('601', '刨冰1號', '55'),
('602', '刨冰2號', '55'),
('603', '刨冰3號', '55'),
('604', '仙草奶凍1號', '50'),
('605', '仙草奶凍2號', '50'),
('606', '仙草奶凍3號', '50'),
('607', '豆漿1號', '50'),
('608', '豆漿2號', '50'),
('609', '豆漿3號', '50'),
('610', '抹茶1號', '55'),
('611', '抹茶2號', '55'),
('612', '抹茶3號', '55'),
('613', '傳統1號', '45'),
('614', '傳統2號', '45'),
('615', '傳統3號', '45'),
('616', '黑白1號', '55'),
('617', '黑白2號', '55'),
('618', '黑白3號', '55'),
('619', '齊娜可1號', '55'),
('620', '齊娜可2號', '55'),
('621', '齊娜可3號', '55'),
('622', '檸檬豆花', '40'),
('623', '黑糖珍珠檸檬豆花', '45'),
('624', '純豆乳', '35'),
('625', '綠豆豆乳', '40'),
('626', '黑糖珍珠豆乳', '40'),
('627', '紅豆豆乳', '40'),
('628', '薏仁豆乳', '40'),
('629', '豆乳雙重奏（黑糖珍珠）', '45'),
('630', '豆乳雙重奏（紅豆）', '45'),
('631', '豆乳雙重奏（綠豆）', '45'),
('632', '豆乳雙重奏（薏仁）', '45'),
('633', '原味菠蘿包', '20'),
('634', 'OREO菠蘿油', '30'),
('635', '紅豆菠蘿油', '30'),
('636', '黑糖珍珠菠蘿油', '30'),
('637', '火腿菠蘿油', '30'),
('638', '起司菠蘿油', '30'),
('640', '芋頭菠蘿油', '35'),
('701', '紅龍果麵', '65'),
('702', '藜麥麵', '65'),
('703', '綠藻麵', '65'),
('704', '蕎麥麵', '65'),
('705', '竹炭麵', '65'),
('706', '仙草麵', '65'),
('707', '黃涼麵', '65'),
('708', '泰式酸辣醬汁', '0'),
('709', '四川麻辣醬汁', '0'),
('710', '芝麻醬汁', '0'),
('711', '日式和風醬汁', '0'),
('712', '檸檬醋汁', '0'),
('713', '柴魚醬汁', '0');

-- --------------------------------------------------------

--
-- 資料表結構 `products2`
--

CREATE TABLE `products2` (
  `id` int(5) NOT NULL,
  `meal` varchar(50) NOT NULL,
  `price` varchar(5) NOT NULL
) ENGINE=InnoDB DEFAULT CHARSET=utf8;

--
-- 傾印資料表的資料 `products2`
--

INSERT INTO `products2` (`id`, `meal`, `price`) VALUES
(801, '1號餐(豬肉漢堡＋起司＋薯餅＋奶茶)', '70'),
(802, '2號餐(烤鮪魚蛋土司＋起司＋奶茶)', '50'),
(803, '3號餐(烤火腿蛋土司＋起司＋奶茶)', '50'),
(804, '4號餐(原味蛋餅＋雞塊＋奶茶)', '60'),
(805, '5號餐(玉米蛋餅＋雞塊＋奶茶)', '65'),
(806, '6號餐(蘿蔔糕＋蛋＋奶茶)', '50'),
(807, '7號餐鐵板麵（義式鐵板麵＋蛋＋奶茶)', '60'),
(808, '7號餐鐵板麵（蘑菇鐵板麵＋蛋＋奶茶)', '60'),
(809, '7號餐鐵板麵（黑胡椒鐵板麵＋蛋＋奶茶)', '60'),
(901, '火腿起司蛋滿福堡', '45'),
(902, '豬排起司蛋滿福堡', '50'),
(903, '牛肉起司蛋滿福堡', '55'),
(904, '火腿起司帕尼尼', '45'),
(905, '火腿起司帕尼尼', '45'),
(906, '照燒燻雞帕尼尼', '50'),
(907, '豬排起司帕尼尼', '50'),
(908, '煙燻牛肉帕尼尼', '50'),
(909, '火腿起司丹麥吐司', '65'),
(910, '鮮蔬起司丹麥吐司', '65'),
(911, '照燒燻雞丹麥吐司', '70'),
(912, '豬排起司丹麥吐司', '65'),
(913, '燻雞牛肉丹麥吐司', '70'),
(914, '卡滋雞腿排握飯丸', '55'),
(915, '日式燒肉握飯丸', '55'),
(916, '可樂餅握飯丸', '55'),
(917, '火腿起司佛卡夏', '55'),
(918, '鮮蔬起司佛卡夏', '60'),
(919, '照燒燻雞佛卡夏', '65'),
(920, '豬排起司佛卡夏', '60'),
(921, '燻雞牛肉佛卡夏', '65'),
(922, '火腿起司恰巴達', '55'),
(923, '鮮蔬起司恰巴達', '60'),
(924, '照燒燻雞恰巴達', '65'),
(925, '豬排起司恰巴達', '60'),
(926, '燻雞牛肉恰巴達', '65'),
(927, '蕃茄燻雞義大利麵', '80'),
(928, '蕃茄鮮蔬義大利麵', '80'),
(929, '辣味培根茄汁麵', '80'),
(930, '奶油燻雞義大利麵', '80'),
(931, '奶油培根義大利麵', '80'),
(932, '青醬蘑菇培根義大利麵', '85'),
(933, '青醬培根義大利麵', '85'),
(934, '青醬燻雞義大利麵', '85'),
(935, '蒜味辣椒義大利麵', '80'),
(936, '鮮蔬野菇義大利麵', '80'),
(937, '白酒燻雞義大利麵', '80'),
(938, '印度咖哩雞肉義大利麵', '80'),
(1001, '乾拌麵', '40'),
(1002, '蔥油拌麵', '45'),
(1003, '麻醬麵', '45'),
(1004, '炸醬麵', '45'),
(1005, '雙醬麵', '50'),
(1006, '榨菜肉絲麵', '50'),
(1007, '炒手乾拌麵', '70'),
(1008, '蝦肉餛飩麵', '70'),
(1009, '燒雞絲拌麵', '70'),
(1010, '排骨麵', '85'),
(1011, '海鮮湯麵', '85'),
(1012, '炸雞腿麵', '85'),
(1013, '紅燒牛肉麵', '100'),
(1014, '牛肉乾拌麵', '100'),
(1015, '番茄牛肉麵', '110'),
(1016, '榨菜肉絲麵套餐 (附小菜)', '75'),
(1017, '蝦肉餛飩麵套餐 (附小菜)', '95'),
(1018, '打拋豬肉特餐 (蘿蔔湯/榨菜肉絲湯)', '100'),
(1019, '排骨特餐 (附小菜)', '100'),
(1020, '麻醬麵套餐附 (蘿蔔湯/小菜)', '100'),
(1021, '水餃套餐 (10粒&附蘿蔔湯/小菜)', '110'),
(1022, '榨醬麵套餐 (蘿蔔湯/小菜)', '100'),
(1023, '雞腿特餐 (附小菜)', '110'),
(1024, '雙醬麵套餐 (蘿蔔湯/小菜)', '105'),
(1025, '炒手麵套餐 (蘿蔔湯/小菜)', '125'),
(1026, '牛五花河粉(乾)', '100'),
(1027, '牛五花河粉(湯)', '100'),
(1028, '椒麻雞腿河粉（乾）', '90'),
(1029, '椒麻雞腿河粉（湯）', '90'),
(1030, '椒麻排骨河粉（乾）', '85'),
(1031, '椒麻排骨河粉（湯）', '85'),
(1032, '海鮮河粉(乾)', '85'),
(1033, '海鮮河粉(湯)', '85'),
(1034, '蝦餅河粉(乾)', '85'),
(1035, '蝦餅河粉(湯)', '85'),
(1036, '打拋豬肉河粉(乾拌)', '75'),
(1037, '泰式木瓜河粉（湯）', '50'),
(1038, '泰式木瓜河粉（湯）', '50'),
(1039, '韭菜水餃(10顆)', '50'),
(1040, '高麗菜水餃(10顆)', '50'),
(1041, '牛湯餃（韭菜）', '80'),
(1042, '牛湯餃（高麗菜）', '80'),
(1043, '蕃茄牛湯餃(韭菜)', '90'),
(1044, '蕃茄牛湯餃（高麗菜）', '90'),
(1045, '豚骨湯餃(韭菜)', '75'),
(1046, '豚骨湯餃（高麗菜）', '75'),
(1047, '湯青菜', '30'),
(1048, '紅油炒手', '50'),
(1049, '炸排骨', '45'),
(1050, '炸雞腿', '70'),
(1051, '鍋燒意麵', '55'),
(1052, '鍋燒雞絲麵', '55'),
(1053, '鍋燒豬肉意麵', '75'),
(1054, '鍋燒豬肉雞絲麵', '75'),
(1055, '鍋燒牛肉意麵', '85'),
(1056, '鍋燒牛肉雞絲麵', '85'),
(1057, '鍋燒海鮮意麵', '85'),
(1058, '鍋燒海鮮雞絲麵', '85'),
(1059, '青菜蘿蔔湯', '35'),
(1060, '貢丸湯', '35'),
(1061, '牛肉餛飩湯', '55'),
(1062, '牛肉湯', '80'),
(1063, '蕃茄牛肉湯', '90'),
(1064, '餛飩湯', '50'),
(1101, '沙拉蛋貝果+飲料', '65'),
(1102, '燻雞軟法+飲料', '65'),
(1103, '佛卡夏+飲料', '60'),
(1104, '花生吐司+飲料', '39'),
(1105, '香酥雞排(附湯、水果)', '100'),
(1106, '酥炸排骨(附湯、水果)', '100'),
(1107, '輕食健康低卡餐 (水果、輕食小飯糰、燙青菜、水煮雞肉、附湯)\n', '85'),
(1201, 'A套餐(王子麵+青菜+貢丸+火鍋料+小豆干)', '50'),
(1202, 'Ｂ套餐（王子麵+青菜2樣+金針菇+四種火鍋料+百頁）', '70'),
(1203, 'Ｃ套餐（王子麵+青菜2樣+金針菇+四種火鍋料+百頁＋豬肉片+花干）', '99');
COMMIT;

/*!40101 SET CHARACTER_SET_CLIENT=@OLD_CHARACTER_SET_CLIENT */;
/*!40101 SET CHARACTER_SET_RESULTS=@OLD_CHARACTER_SET_RESULTS */;
/*!40101 SET COLLATION_CONNECTION=@OLD_COLLATION_CONNECTION */;
